timestamp,pv_Stock_market
2018-01-01,2061
2018-01-02,2742
2018-01-03,3166
2018-01-04,3235
2018-01-05,2849
2018-01-06,2569
2018-01-07,2578
2018-01-08,3141
2018-01-09,3152
2018-01-10,3157
2018-01-11,3186
2018-01-12,2876
2018-01-13,2241
2018-01-14,2177
2018-01-15,2722
2018-01-16,3095
2018-01-17,3342
2018-01-18,3445
2018-01-19,3159
2018-01-20,2350
2018-01-21,2274
2018-01-22,2798
2018-01-23,3100
2018-01-24,3170
2018-01-25,2785
2018-01-26,2371
2018-01-27,2236
2018-01-28,2236
2018-01-29,3005
2018-01-30,3227
2018-01-31,3649
2018-02-01,3040
2018-02-02,3077
2018-02-03,2724
2018-02-04,2303
2018-02-05,4200
2018-02-06,7011
2018-02-07,4626
2018-02-08,4466
2018-02-09,4039
2018-02-10,2526
2018-02-11,2359
2018-02-12,3112
2018-02-13,2573
2018-02-14,2529
2018-02-15,2683
2018-02-16,2443
2018-02-17,1982
2018-02-18,2001
2018-02-19,2428
2018-02-20,2795
2018-02-21,2782
2018-02-22,2970
2018-02-23,2684
2018-02-24,2058
2018-02-25,2104
2018-02-26,2587
2018-02-27,2550
2018-02-28,2252
2018-03-01,2186
2018-03-02,2100
2018-03-03,1708
2018-03-04,1902
2018-03-05,2335
2018-03-06,2345
2018-03-07,2532
2018-03-08,2446
2018-03-09,2283
2018-03-10,1828
2018-03-11,1890
2018-03-12,2416
2018-03-13,2328
2018-03-14,2291
2018-03-15,2782
2018-03-16,2244
2018-03-17,1697
2018-03-18,1529
2018-03-19,2025
2018-03-20,2234
2018-03-21,2292
2018-03-22,2674
2018-03-23,2320
2018-03-24,1819
2018-03-25,1531
2018-03-26,2167
2018-03-27,2202
2018-03-28,1970
2018-03-29,1973
2018-03-30,1861
2018-03-31,1546
2018-04-01,1458
2018-04-02,2109
2018-04-03,2332
2018-04-04,2347
2018-04-05,2188
2018-04-06,2283
2018-04-07,1500
2018-04-08,1545
2018-04-09,1918
2018-04-10,2036
2018-04-11,2067
2018-04-12,1953
2018-04-13,1786
2018-04-14,1840
2018-04-15,1463
2018-04-16,2445
2018-04-17,1981
2018-04-18,2129
2018-04-19,1799
2018-04-20,1710
2018-04-21,1498
2018-04-22,1361
2018-04-23,2505
2018-04-24,1781
2018-04-25,1914
2018-04-26,1925
2018-04-27,1689
2018-04-28,1406
2018-04-29,1409
2018-04-30,1776
2018-05-01,1695
2018-05-02,1885
2018-05-03,1933
2018-05-04,1829
2018-05-05,1457
2018-05-06,1862
2018-05-07,2007
2018-05-08,2093
2018-05-09,2061
2018-05-10,2032
2018-05-11,1817
2018-05-12,1368
2018-05-13,1485
2018-05-14,2003
2018-05-15,1989
2018-05-16,2096
2018-05-17,2087
2018-05-18,1802
2018-05-19,1551
2018-05-20,1440
2018-05-21,2168
2018-05-22,2068
2018-05-23,2043
2018-05-24,2070
2018-05-25,1878
2018-05-26,1531
2018-05-27,1646
2018-05-28,1986
2018-05-29,2070
2018-05-30,2057
2018-05-31,2087
2018-06-01,2005
2018-06-02,1623
2018-06-03,1485
2018-06-04,1987
2018-06-05,2041
2018-06-06,2135
2018-06-07,2118
2018-06-08,2273
2018-06-09,1731
2018-06-10,1611
2018-06-11,2195
2018-06-12,2142
2018-06-13,1978
2018-06-14,1927
2018-06-15,1862
2018-06-16,1521
2018-06-17,1552
2018-06-18,2206
2018-06-19,2171
2018-06-20,2264
2018-06-21,2203
2018-06-22,1888
2018-06-23,1797
2018-06-24,1657
2018-06-25,2124
2018-06-26,2038
2018-06-27,2080
2018-06-28,2997
2018-06-29,1956
2018-06-30,1601
2018-07-01,1694
2018-07-02,2212
2018-07-03,2087
2018-07-04,1964
2018-07-05,1988
2018-07-06,1904
2018-07-07,1768
2018-07-08,1715
2018-07-09,2221
2018-07-10,2224
2018-07-11,2200
2018-07-12,2166
2018-07-13,2092
2018-07-14,2115
2018-07-15,1758
2018-07-16,2094
2018-07-17,2237
2018-07-18,2429
2018-07-19,2174
2018-07-20,1881
2018-07-21,2045
2018-07-22,1680
2018-07-23,2113
2018-07-24,2178
2018-07-25,2327
2018-07-26,2312
2018-07-27,2174
2018-07-28,2015
2018-07-29,1872
2018-07-30,2328
2018-07-31,2375
2018-08-01,2071
2018-08-02,2191
2018-08-03,2171
2018-08-04,1898
2018-08-05,1791
2018-08-06,2350
2018-08-07,2669
2018-08-08,2336
2018-08-09,2366
2018-08-10,2082
2018-08-11,1899
2018-08-12,1962
2018-08-13,2349
2018-08-14,2025
2018-08-15,1930
2018-08-16,2103
2018-08-17,2095
2018-08-18,1708
2018-08-19,1782
2018-08-20,2265
2018-08-21,2110
2018-08-22,2178
2018-08-23,2242
2018-08-24,2070
2018-08-25,1770
2018-08-26,1675
2018-08-27,2419
2018-08-28,2848
2018-08-29,2398
2018-08-30,2397
2018-08-31,2361
2018-09-01,1825
2018-09-02,2273
2018-09-03,2181
2018-09-04,2347
2018-09-05,2420
2018-09-06,2391
2018-09-07,2177
2018-09-08,1827
2018-09-09,1985
2018-09-10,2524
2018-09-11,2476
2018-09-12,2443
2018-09-13,2217
2018-09-14,2253
2018-09-15,1951
2018-09-16,1903
2018-09-17,2313
2018-09-18,2646
2018-09-19,2531
2018-09-20,2726
2018-09-21,2531
2018-09-22,2212
2018-09-23,2018
2018-09-24,2829
2018-09-25,3014
2018-09-26,3085
2018-09-27,3231
2018-09-28,2693
2018-09-29,2152
2018-09-30,1974
2018-10-01,2423
2018-10-02,2864
2018-10-03,2834
2018-10-04,2703
2018-10-05,2801
2018-10-06,2192
2018-10-07,2171
2018-10-08,2881
2018-10-09,2510
2018-10-10,3008
2018-10-11,4089
2018-10-12,3260
2018-10-13,2119
2018-10-14,2195
2018-10-15,2971
2018-10-16,2586
2018-10-17,2680
2018-10-18,2370
2018-10-19,2540
2018-10-20,2114
2018-10-21,2257
2018-10-22,2996
2018-10-23,3027
2018-10-24,2919
2018-10-25,4311
2018-10-26,2820
2018-10-27,2482
2018-10-28,2564
2018-10-29,3476
2018-10-30,2932
2018-10-31,3034
2018-11-01,2621
2018-11-02,2586
2018-11-03,2028
2018-11-04,1820
2018-11-05,2118
2018-11-06,2921
2018-11-07,2002
2018-11-08,2131
2018-11-09,2201
2018-11-10,1864
2018-11-11,2074
2018-11-12,2500
2018-11-13,3127
2018-11-14,2444
2018-11-15,2945
2018-11-16,2654
2018-11-17,1940
2018-11-18,1920
2018-11-19,2276
2018-11-20,3304
2018-11-21,2646
2018-11-22,2302
2018-11-23,2622
2018-11-24,2038
2018-11-25,2238
2018-11-26,2647
2018-11-27,2755
2018-11-28,2651
2018-11-29,2503
2018-11-30,2295
2018-12-01,1923
2018-12-02,2084
2018-12-03,2863
2018-12-04,3573
2018-12-05,4562
2018-12-06,4615
2018-12-07,3628
2018-12-08,2551
2018-12-09,2440
2018-12-10,3489
2018-12-11,2729
2018-12-12,2921
2018-12-13,2831
2018-12-14,2988
2018-12-15,2140
2018-12-16,1958
2018-12-17,2553
2018-12-18,2560
2018-12-19,2559
2018-12-20,2459
2018-12-21,2367
2018-12-22,1969
2018-12-23,1753
2018-12-24,2572
2018-12-25,2150
2018-12-26,3124
2018-12-27,3298
2018-12-28,2739
2018-12-29,2092
2018-12-30,1760
2018-12-31,2042
2019-01-01,1818
2019-01-02,2700
2019-01-03,3322
2019-01-04,3172
2019-01-05,2157
2019-01-06,2092
2019-01-07,2546
2019-01-08,3038
2019-01-09,2719
2019-01-10,2562
2019-01-11,2370
2019-01-12,1761
2019-01-13,2007
2019-01-14,2380
2019-01-15,2347
2019-01-16,2427
2019-01-17,2828
2019-01-18,2413
2019-01-19,2001
2019-01-20,2015
2019-01-21,2330
2019-01-22,2572
2019-01-23,2717
2019-01-24,2445
2019-01-25,2321
2019-01-26,1612
2019-01-27,1840
2019-01-28,2274
2019-01-29,2384
2019-01-30,2390
2019-01-31,2657
2019-02-01,2393
2019-02-02,1834
2019-02-03,1843
2019-02-04,2196
2019-02-05,2444
2019-02-06,2427
2019-02-07,2302
2019-02-08,2024
2019-02-09,1724
2019-02-10,1658
2019-02-11,2485
2019-02-12,2324
2019-02-13,2236
2019-02-14,2050
2019-02-15,1774
2019-02-16,1655
2019-02-17,1715
2019-02-18,2051
2019-02-19,2137
2019-02-20,2216
2019-02-21,3447
2019-02-22,2271
2019-02-23,1726
2019-02-24,2180
2019-02-25,2253
2019-02-26,2822
2019-02-27,2599
2019-02-28,2188
2019-03-01,1989
2019-03-02,1615
2019-03-03,1657
2019-03-04,2179
2019-03-05,2276
2019-03-06,2322
2019-03-07,2188
2019-03-08,2001
2019-03-09,1758
2019-03-10,1637
2019-03-11,2385
2019-03-12,2348
2019-03-13,2391
2019-03-14,2349
2019-03-15,2020
2019-03-16,1667
2019-03-17,1852
2019-03-18,2232
2019-03-19,2262
2019-03-20,2020
2019-03-21,1940
2019-03-22,1969
2019-03-23,1868
2019-03-24,1674
2019-03-25,2229
2019-03-26,2290
2019-03-27,2368
2019-03-28,2320
2019-03-29,2301
2019-03-30,1768
2019-03-31,1886
2019-04-01,2553
2019-04-02,2394
2019-04-03,2282
2019-04-04,2473
2019-04-05,2169
2019-04-06,1687
2019-04-07,1486
2019-04-08,2145
2019-04-09,2209
2019-04-10,2219
2019-04-11,2100
2019-04-12,2017
2019-04-13,1545
2019-04-14,1577
2019-04-15,2358
2019-04-16,2219
2019-04-17,2163
2019-04-18,1918
2019-04-19,1798
2019-04-20,1375
2019-04-21,1424
2019-04-22,2063
2019-04-23,2010
2019-04-24,2573
2019-04-25,2405
2019-04-26,2042
2019-04-27,1537
2019-04-28,1519
2019-04-29,2148
2019-04-30,2261
2019-05-01,2009
2019-05-02,2299
2019-05-03,2221
2019-05-04,1649
2019-05-05,1589
2019-05-06,2364
2019-05-07,2656
2019-05-08,2435
2019-05-09,2263
2019-05-10,2134
2019-05-11,1700
2019-05-12,1535
2019-05-13,3103
2019-05-14,3141
2019-05-15,2635
2019-05-16,2677
2019-05-17,2432
2019-05-18,2010
2019-05-19,1730
2019-05-20,2821
2019-05-21,2621
2019-05-22,2432
2019-05-23,3239
2019-05-24,2207
2019-05-25,1749
2019-05-26,1731
2019-05-27,2189
2019-05-28,2668
2019-05-29,2404
2019-05-30,2436
2019-05-31,2458
2019-06-01,1858
2019-06-02,1828
2019-06-03,2451
2019-06-04,2493
2019-06-05,2320
2019-06-06,2303
2019-06-07,2533
2019-06-08,2081
2019-06-09,1671
2019-06-10,2352
2019-06-11,2475
2019-06-12,2506
2019-06-13,2186
2019-06-14,2095
2019-06-15,1664
2019-06-16,1710
2019-06-17,2231
2019-06-18,2315
2019-06-19,2480
2019-06-20,2420
2019-06-21,2266
2019-06-22,1905
2019-06-23,2601
2019-06-24,2234
2019-06-25,2313
2019-06-26,2330
2019-06-27,1997
2019-06-28,1970
2019-06-29,1860
2019-06-30,1538
2019-07-01,2129
2019-07-02,2033
2019-07-03,2304
2019-07-04,2226
2019-07-05,2239
2019-07-06,2027
2019-07-07,2157
2019-07-08,2311
2019-07-09,2236
2019-07-10,2101
2019-07-11,2180
2019-07-12,2253
2019-07-13,1655
2019-07-14,1675
2019-07-15,2152
2019-07-16,2247
2019-07-17,2299
2019-07-18,2504
2019-07-19,2672
2019-07-20,1683
2019-07-21,1793
2019-07-22,2402
2019-07-23,2291
2019-07-24,2544
2019-07-25,2371
2019-07-26,2120
2019-07-27,2193
2019-07-28,1894
2019-07-29,2130
2019-07-30,2424
2019-07-31,2580
2019-08-01,2185
2019-08-02,2166
2019-08-03,1777
2019-08-04,1680
2019-08-05,2439
2019-08-06,2731
2019-08-07,2553
2019-08-08,2277
2019-08-09,2037
2019-08-10,1618
2019-08-11,1544
2019-08-12,2273
2019-08-13,2120
2019-08-14,2198
2019-08-15,2275
2019-08-16,2220
2019-08-17,1671
2019-08-18,1956
2019-08-19,2274
2019-08-20,2322
2019-08-21,2284
2019-08-22,2557
2019-08-23,2601
2019-08-24,1864
2019-08-25,1907
2019-08-26,2400
2019-08-27,2560
2019-08-28,2267
2019-08-29,2301
2019-08-30,2295
2019-08-31,1767
2019-09-01,1852
2019-09-02,1869
2019-09-03,2417
2019-09-04,2365
2019-09-05,2417
2019-09-06,2152
2019-09-07,1671
2019-09-08,2290
2019-09-09,2428
2019-09-10,2450
2019-09-11,2493
2019-09-12,2399
2019-09-13,2345
2019-09-14,1752
2019-09-15,1883
2019-09-16,2571
2019-09-17,2563
2019-09-18,2587
2019-09-19,2504
2019-09-20,2625
2019-09-21,2094
2019-09-22,2260
2019-09-23,2557
2019-09-24,2785
2019-09-25,2621
2019-09-26,2646
2019-09-27,2385
2019-09-28,1883
2019-09-29,1844
2019-09-30,2352
2019-10-01,2315
2019-10-02,2659
2019-10-03,2620
2019-10-04,2742
2019-10-05,2083
2019-10-06,1629
2019-10-07,2180
2019-10-08,2235
2019-10-09,2455
2019-10-10,2550
2019-10-11,3206
2019-10-12,2178
2019-10-13,1832
2019-10-14,2248
2019-10-15,2353
2019-10-16,2478
2019-10-17,2356
2019-10-18,2164
2019-10-19,1820
2019-10-20,1908
2019-10-21,2246
2019-10-22,2346
2019-10-23,2378
2019-10-24,2235
2019-10-25,1949
2019-10-26,1578
2019-10-27,1526
2019-10-28,2062
2019-10-29,2209
2019-10-30,2218
2019-10-31,2247
2019-11-01,2022
2019-11-02,2198
2019-11-03,1795
2019-11-04,2380
2019-11-05,2539
2019-11-06,2571
2019-11-07,2572
2019-11-08,2241
2019-11-09,1960
2019-11-10,1783
2019-11-11,2386
2019-11-12,2781
2019-11-13,3297
2019-11-14,2507
2019-11-15,2069
2019-11-16,1841
2019-11-17,1789
2019-11-18,2363
2019-11-19,2473
2019-11-20,2468
2019-11-21,2291
2019-11-22,2313
2019-11-23,2088
2019-11-24,1719
2019-11-25,2331
2019-11-26,2294
2019-11-27,2436
2019-11-28,2226
2019-11-29,2269
2019-11-30,1978
2019-12-01,2286
2019-12-02,2935
2019-12-03,2909
2019-12-04,2720
2019-12-05,2356
2019-12-06,2395
2019-12-07,2122
2019-12-08,2310
2019-12-09,2571
2019-12-10,2508
2019-12-11,2304
2019-12-12,2471
2019-12-13,2669
2019-12-14,1796
2019-12-15,1830
2019-12-16,2370
2019-12-17,2826
2019-12-18,3645
2019-12-19,2708
2019-12-20,2175
2019-12-21,1784
2019-12-22,1721
2019-12-23,2196
2019-12-24,2197
2019-12-25,1688
2019-12-26,2197
2019-12-27,2257
2019-12-28,2034
2019-12-29,1888
2019-12-30,2279
2019-12-31,2318
2020-01-01,1781
2020-01-02,2480
2020-01-03,3066
2020-01-04,2400
2020-01-05,2166
2020-01-06,2913
2020-01-07,2734
2020-01-08,3384
2020-01-09,2913
2020-01-10,2868
2020-01-11,2051
2020-01-12,2138
2020-01-13,2632
2020-01-14,2588
2020-01-15,2621
2020-01-16,2938
2020-01-17,2657
2020-01-18,2147
2020-01-19,2083
2020-01-20,2765
2020-01-21,3193
2020-01-22,3325
2020-01-23,2906
2020-01-24,3013
2020-01-25,1997
2020-01-26,2062
2020-01-27,3286
2020-01-28,3256
2020-01-29,2900
2020-01-30,2709
2020-01-31,2853
2020-02-01,2259
2020-02-02,2021
2020-02-03,2957
2020-02-04,3009
2020-02-05,2946
2020-02-06,3053
2020-02-07,2505
2020-02-08,2143
2020-02-09,2141
2020-02-10,2653
2020-02-11,2742
2020-02-12,2752
2020-02-13,2640
2020-02-14,2329
2020-02-15,1984
2020-02-16,2115
2020-02-17,2624
2020-02-18,2853
2020-02-19,2652
2020-02-20,2760
2020-02-21,2405
2020-02-22,2173
2020-02-23,2288
2020-02-24,3545
2020-02-25,3903
2020-02-26,3975
2020-02-27,4389
2020-02-28,6294
2020-02-29,3918
2020-03-01,3089
2020-03-02,4067
2020-03-03,3948
2020-03-04,3310
2020-03-05,3176
2020-03-06,3392
2020-03-07,2608
2020-03-08,2520
2020-03-09,7308
2020-03-10,5739
2020-03-11,6650
2020-03-12,10911
2020-03-13,11541
2020-03-14,7025
2020-03-15,4131
2020-03-16,7550
2020-03-17,6896
2020-03-18,6256
2020-03-19,6010
2020-03-20,4604
2020-03-21,3759
2020-03-22,3711
2020-03-23,5326
2020-03-24,4810
2020-03-25,4818
2020-03-26,4496
2020-03-27,4454
2020-03-28,3553
2020-03-29,3406
2020-03-30,4313
2020-03-31,4292
2020-04-01,4497
2020-04-02,3861
2020-04-03,3849
2020-04-04,3173
2020-04-05,3125
2020-04-06,3337
2020-04-07,3677
2020-04-08,3701
2020-04-09,3938
2020-04-10,3896
2020-04-11,3345
2020-04-12,3007
2020-04-13,3665
2020-04-14,3631
2020-04-15,3529
2020-04-16,3612
2020-04-17,3422
2020-04-18,3328
2020-04-19,3309
2020-04-20,4010
2020-04-21,3974
2020-04-22,3777
2020-04-23,3621
2020-04-24,3362
2020-04-25,3121
2020-04-26,3192
2020-04-27,3591
2020-04-28,3421
2020-04-29,3564
2020-04-30,3389
2020-05-01,3424
2020-05-02,3030
2020-05-03,3073
2020-05-04,3357
2020-05-05,3207
2020-05-06,3154
2020-05-07,3146
2020-05-08,2981
2020-05-09,2687
2020-05-10,2484
2020-05-11,3013
2020-05-12,3110
2020-05-13,3294
2020-05-14,3206
2020-05-15,3009
2020-05-16,2666
2020-05-17,2647
2020-05-18,2782
2020-05-19,2945
2020-05-20,2784
2020-05-21,2825
2020-05-22,2596
2020-05-23,2310
2020-05-24,2145
2020-05-25,2545
2020-05-26,2801
2020-05-27,2877
2020-05-28,2808
2020-05-29,2607
2020-05-30,2525
2020-05-31,2219
2020-06-01,2690
2020-06-02,2570
2020-06-03,2791
2020-06-04,2783
2020-06-05,2800
2020-06-06,2544
2020-06-07,2547
2020-06-08,3155
2020-06-09,3156
2020-06-10,2965
2020-06-11,3332
2020-06-12,3153
2020-06-13,2492
2020-06-14,2249
2020-06-15,2671
2020-06-16,2604
2020-06-17,2660
2020-06-18,2514
2020-06-19,2555
2020-06-20,2399
2020-06-21,2245
2020-06-22,2673
2020-06-23,2488
2020-06-24,2533
2020-06-25,2377
2020-06-26,2367
2020-06-27,2092
2020-06-28,2114
2020-06-29,2437
2020-06-30,2272
2020-07-01,2309
2020-07-02,2421
2020-07-03,2324
2020-07-04,2108
2020-07-05,2145
2020-07-06,2708
2020-07-07,2555
2020-07-08,2531
2020-07-09,2711
2020-07-10,2477
2020-07-11,2276
2020-07-12,2202
2020-07-13,2691
2020-07-14,2626
2020-07-15,2636
2020-07-16,2717
2020-07-17,2611
2020-07-18,2442
2020-07-19,2425
2020-07-20,2636
2020-07-21,2640
2020-07-22,2812
2020-07-23,3303
2020-07-24,2955
2020-07-25,2715
2020-07-26,2567
2020-07-27,2942
2020-07-28,3029
2020-07-29,2882
2020-07-30,3086
2020-07-31,2668
2020-08-01,2443
2020-08-02,2339
2020-08-03,2602
2020-08-04,2848
2020-08-05,2650
2020-08-06,2685
2020-08-07,2676
2020-08-08,2606
2020-08-09,2495
2020-08-10,2801
2020-08-11,3056
2020-08-12,3071
2020-08-13,2887
2020-08-14,2525
2020-08-15,2373
2020-08-16,2434
2020-08-17,2755
2020-08-18,2939
2020-08-19,2998
2020-08-20,3023
2020-08-21,2840
2020-08-22,2246
2020-08-23,2412
2020-08-24,2927
2020-08-25,3115
2020-08-26,2967
2020-08-27,2966
2020-08-28,2926
2020-08-29,2490
2020-08-30,2436
2020-08-31,2977
2020-09-01,3035
2020-09-02,3163
2020-09-03,3572
2020-09-04,3649
2020-09-05,2702
2020-09-06,2688
2020-09-07,2965
2020-09-08,3135
2020-09-09,3199
2020-09-10,3116
2020-09-11,2996
2020-09-12,2405
2020-09-13,2503
2020-09-14,2926
2020-09-15,2770
2020-09-16,2811
2020-09-17,2770
2020-09-18,2641
2020-09-19,2459
2020-09-20,2206
2020-09-21,3395
2020-09-22,2872
2020-09-23,2695
2020-09-24,2732
2020-09-25,2424
2020-09-26,2027
2020-09-27,2039
2020-09-28,2509
2020-09-29,2501
2020-09-30,2476
2020-10-01,2275
2020-10-02,2617
2020-10-03,2046
2020-10-04,1952
2020-10-05,2651
2020-10-06,2812
2020-10-07,3006
2020-10-08,2595
2020-10-09,2759
2020-10-10,2329
2020-10-11,2451
2020-10-12,2943
2020-10-13,3125
2020-10-14,4394
2020-10-15,3645
2020-10-16,2953
2020-10-17,2963
2020-10-18,2587
2020-10-19,3172
2020-10-20,3527
2020-10-21,3528
2020-10-22,3566
2020-10-23,3013
2020-10-24,2942
2020-10-25,2862
2020-10-26,4110
2020-10-27,3977
2020-10-28,4170
2020-10-29,4443
2020-10-30,4088
2020-10-31,3341
2020-11-01,3269
2020-11-02,4135
2020-11-03,4107
2020-11-04,4425
2020-11-05,4114
2020-11-06,4013
2020-11-07,3701
2020-11-08,3286
2020-11-09,4909
2020-11-10,4495
2020-11-11,4087
2020-11-12,3791
2020-11-13,3565
2020-11-14,2803
2020-11-15,3124
2020-11-16,3970
2020-11-17,4220
2020-11-18,4143
2020-11-19,4160
2020-11-20,3715
2020-11-21,3739
2020-11-22,3733
2020-11-23,4309
2020-11-24,4429
2020-11-25,4326
2020-11-26,3935
2020-11-27,3785
2020-11-28,3571
2020-11-29,3571
2020-11-30,4313
2020-12-01,4004
2020-12-02,4119
2020-12-03,4277
2020-12-04,3826
2020-12-05,3498
2020-12-06,3474
2020-12-07,4307
2020-12-08,3991
2020-12-09,4012
2020-12-10,4074
2020-12-11,3844
2020-12-12,3413
2020-12-13,3398
2020-12-14,4016
2020-12-15,4468
2020-12-16,4024
2020-12-17,3772
2020-12-18,3540
2020-12-19,3206
2020-12-20,2883
2020-12-21,3695
2020-12-22,3449
2020-12-23,3412
2020-12-24,3122
2020-12-25,2727
2020-12-26,2942
2020-12-27,3094
2020-12-28,3677
2020-12-29,3659
2020-12-30,3333
2020-12-31,3142
2021-01-01,2989
2021-01-02,3610
2021-01-03,3618
2021-01-04,4285
2021-01-05,4576
2021-01-06,4566
2021-01-07,4691
2021-01-08,4351
2021-01-09,3917
2021-01-10,3540
2021-01-11,4302
2021-01-12,4220
2021-01-13,4004
2021-01-14,3704
2021-01-15,3844
2021-01-16,3518
2021-01-17,3177
2021-01-18,3839
2021-01-19,3811
2021-01-20,4042
2021-01-21,4440
2021-01-22,4096
2021-01-23,3503
2021-01-24,3225
2021-01-25,4235
2021-01-26,4059
2021-01-27,6499
2021-01-28,12409
2021-01-29,13268
2021-01-30,8226
2021-01-31,6273
2021-02-01,7084
2021-02-02,6433
2021-02-03,5764
2021-02-04,5583
2021-02-05,4862
2021-02-06,4188
2021-02-07,3756
2021-02-08,4624
2021-02-09,5087
2021-02-10,4803
2021-02-11,4756
2021-02-12,4293
2021-02-13,3518
2021-02-14,3075
2021-02-15,4138
2021-02-16,4139
2021-02-17,4395
2021-02-18,4371
2021-02-19,3896
2021-02-20,3492
2021-02-21,3202
2021-02-22,4130
2021-02-23,5033
2021-02-24,4873
2021-02-25,4557
2021-02-26,4541
2021-02-27,3743
2021-02-28,3210
2021-03-01,3912
2021-03-02,4020
2021-03-03,4016
2021-03-04,4218
2021-03-05,4165
2021-03-06,3150
2021-03-07,3191
2021-03-08,3755
2021-03-09,4019
2021-03-10,3908
2021-03-11,3749
2021-03-12,3528
2021-03-13,3339
2021-03-14,3319
2021-03-15,4256
2021-03-16,4069
2021-03-17,4032
2021-03-18,3902
2021-03-19,3800
2021-03-20,3039
2021-03-21,2936
2021-03-22,3595
2021-03-23,3614
2021-03-24,3628
2021-03-25,3620
2021-03-26,3214
2021-03-27,2697
2021-03-28,2698
2021-03-29,3084
2021-03-30,3084
2021-03-31,3222
2021-04-01,3276
2021-04-02,3107
2021-04-03,2664
2021-04-04,2661
2021-04-05,3247
2021-04-06,3272
2021-04-07,3121
2021-04-08,3305
2021-04-09,3637
2021-04-10,3323
2021-04-11,3272
2021-04-12,3678
2021-04-13,3875
2021-04-14,4059
2021-04-15,3711
2021-04-16,3942
2021-04-17,3525
2021-04-18,3368
2021-04-19,3850
2021-04-20,3702
2021-04-21,3358
2021-04-22,3199
2021-04-23,3215
2021-04-24,2831
2021-04-25,2765
2021-04-26,3058
2021-04-27,3429
2021-04-28,3762
2021-04-29,3749
2021-04-30,3834
2021-05-01,2988
2021-05-02,2823
2021-05-03,3686
2021-05-04,3912
2021-05-05,3724
2021-05-06,4051
2021-05-07,3891
2021-05-08,3718
2021-05-09,3582
2021-05-10,4418
2021-05-11,4245
2021-05-12,4094
2021-05-13,4093
2021-05-14,3449
2021-05-15,3481
2021-05-16,3361
2021-05-17,4063
2021-05-18,4078
2021-05-19,4340
2021-05-20,3933
2021-05-21,4022
2021-05-22,4344
2021-05-23,4234
2021-05-24,4421
2021-05-25,5207
2021-05-26,4444
2021-05-27,3829
2021-05-28,3998
2021-05-29,4355
2021-05-30,4011
2021-05-31,3672
2021-06-01,3510
2021-06-02,3506
2021-06-03,3734
2021-06-04,3523
2021-06-05,3420
2021-06-06,3020
2021-06-07,3552
2021-06-08,3650
2021-06-09,3663
2021-06-10,3519
2021-06-11,3407
2021-06-12,3236
2021-06-13,3207
2021-06-14,3775
2021-06-15,3699
2021-06-16,3529
2021-06-17,3747
2021-06-18,3456
2021-06-19,3003
2021-06-20,3061
2021-06-21,3201
2021-06-22,3150
2021-06-23,3095
2021-06-24,3264
2021-06-25,2980
2021-06-26,2811
2021-06-27,2702
2021-06-28,2946
2021-06-29,2947
2021-06-30,2976
2021-07-01,3086
2021-07-02,2844
2021-07-03,2636
2021-07-04,2422
2021-07-05,3074
2021-07-06,3059
2021-07-07,3007
2021-07-08,3083
2021-07-09,3224
2021-07-10,2722
2021-07-11,2579
2021-07-12,3198
2021-07-13,3290
2021-07-14,3221
2021-07-15,3095
2021-07-16,2999
2021-07-17,2603
2021-07-18,2596
2021-07-19,3218
2021-07-20,3051
2021-07-21,3101
2021-07-22,3857
2021-07-23,2959
2021-07-24,2627
2021-07-25,2402
2021-07-26,2923
2021-07-27,2897
2021-07-28,2946
2021-07-29,3104
2021-07-30,3087
2021-07-31,2652
2021-08-01,2677
2021-08-02,3142
2021-08-03,3422
2021-08-04,3482
2021-08-05,3191
2021-08-06,2769
2021-08-07,2516
2021-08-08,2446
2021-08-09,2998
2021-08-10,2951
2021-08-11,3122
2021-08-12,2944
2021-08-13,3102
2021-08-14,2558
2021-08-15,2300
2021-08-16,2737
2021-08-17,2960
2021-08-18,2837
2021-08-19,2890
2021-08-20,2714
2021-08-21,2314
2021-08-22,2106
2021-08-23,2999
2021-08-24,3078
2021-08-25,3012
2021-08-26,2863
2021-08-27,2825
2021-08-28,2535
2021-08-29,2440
2021-08-30,2749
2021-08-31,2785
2021-09-01,2929
2021-09-02,2869
2021-09-03,2610
2021-09-04,2434
2021-09-05,2397
2021-09-06,2838
2021-09-07,3056
2021-09-08,2875
2021-09-09,3059
2021-09-10,2673
2021-09-11,2610
2021-09-12,2800
2021-09-13,3290
2021-09-14,3404
2021-09-15,3272
2021-09-16,3316
2021-09-17,3283
2021-09-18,2790
2021-09-19,2964
2021-09-20,3866
2021-09-21,3631
2021-09-22,3586
2021-09-23,3470
2021-09-24,3487
2021-09-25,2997
2021-09-26,2726
2021-09-27,3370
2021-09-28,3546
2021-09-29,3431
2021-09-30,3313
2021-10-01,3101
2021-10-02,2474
2021-10-03,2632
2021-10-04,3647
2021-10-05,3935
2021-10-06,3321
2021-10-07,3179
2021-10-08,3231
2021-10-09,2868
2021-10-10,2817
2021-10-11,3353
2021-10-12,3505
2021-10-13,3328
2021-10-14,3214
2021-10-15,2800
2021-10-16,2995
2021-10-17,2865
2021-10-18,3383
2021-10-19,3726
2021-10-20,3514
2021-10-21,3496
2021-10-22,3209
2021-10-23,2760
2021-10-24,2562
2021-10-25,3290
2021-10-26,3456
2021-10-27,3395
2021-10-28,3372
2021-10-29,3123
2021-10-30,2602
2021-10-31,2443
2021-11-01,3006
2021-11-02,3042
2021-11-03,2501
2021-11-04,2525
2021-11-05,2599
2021-11-06,2468
2021-11-07,2776
2021-11-08,3125
2021-11-09,3343
2021-11-10,3367
2021-11-11,3474
2021-11-12,3286
2021-11-13,2986
2021-11-14,3002
2021-11-15,3231
2021-11-16,3765
2021-11-17,3618
2021-11-18,3624
2021-11-19,3212
2021-11-20,2741
2021-11-21,2740
2021-11-22,3481
2021-11-23,3404
2021-11-24,3343
2021-11-25,3092
2021-11-26,3435
2021-11-27,3283
2021-11-28,2909
2021-11-29,3430
2021-11-30,3487
2021-12-01,3339
2021-12-02,3547
2021-12-03,3319
2021-12-04,2967
2021-12-05,2920
2021-12-06,3494
2021-12-07,3371
2021-12-08,3297
2021-12-09,3089
2021-12-10,2812
2021-12-11,2545
2021-12-12,2503
2021-12-13,3146
2021-12-14,3300
2021-12-15,3058
2021-12-16,3162
2021-12-17,2737
2021-12-18,2319
2021-12-19,2221
2021-12-20,3433
2021-12-21,3076
2021-12-22,2644
2021-12-23,2648
2021-12-24,2159
2021-12-25,1955
2021-12-26,2072
2021-12-27,2841
2021-12-28,2771
2021-12-29,2986
2021-12-30,2716
2021-12-31,2260
2022-01-01,2001
2022-01-02,2458
2022-01-03,3376
2022-01-04,3547
2022-01-05,3188
2022-01-06,3090
2022-01-07,2757
2022-01-08,2586
2022-01-09,2721
2022-01-10,3046
2022-01-11,3200
2022-01-12,3185
2022-01-13,3062
2022-01-14,2809
2022-01-15,2542
2022-01-16,2584
2022-01-17,3004
2022-01-18,3328
2022-01-19,3318
2022-01-20,3283
2022-01-21,3621
2022-01-22,3341
2022-01-23,3017
2022-01-24,4916
2022-01-25,4041
2022-01-26,3395
2022-01-27,3599
2022-01-28,3220
2022-01-29,2879
2022-01-30,2628
2022-01-31,3141
2022-02-01,3546
2022-02-02,3461
2022-02-03,3584
2022-02-04,3013
2022-02-05,2711
2022-02-06,2391
2022-02-07,3243
2022-02-08,3247
2022-02-09,3028
2022-02-10,3173
2022-02-11,2963
2022-02-12,2496
2022-02-13,2433
2022-02-14,2898
2022-02-15,3269
2022-02-16,3136
2022-02-17,3197
2022-02-18,3018
2022-02-19,2451
2022-02-20,2455
2022-02-21,3141
2022-02-22,3513
2022-02-23,3510
2022-02-24,6631
2022-02-25,4162
2022-02-26,2740
2022-02-27,2597
2022-02-28,3462
2022-03-01,3081
2022-03-02,3195
2022-03-03,3103
2022-03-04,2968
2022-03-05,2459
2022-03-06,2329
2022-03-07,3134
2022-03-08,3186
2022-03-09,3061
2022-03-10,3161
2022-03-11,2856
2022-03-12,2489
2022-03-13,2315
2022-03-14,2898
2022-03-15,2760
2022-03-16,2462
2022-03-17,2437
2022-03-18,2128
2022-03-19,2065
2022-03-20,2084
2022-03-21,2864
2022-03-22,2748
2022-03-23,2696
2022-03-24,2586
2022-03-25,2437
2022-03-26,2014
2022-03-27,1935
2022-03-28,2695
2022-03-29,2505
2022-03-30,2669
2022-03-31,2429
2022-04-01,2361
2022-04-02,1914
2022-04-03,2140
2022-04-04,2434
2022-04-05,2597
2022-04-06,2648
2022-04-07,2585
2022-04-08,2352
2022-04-09,2095
2022-04-10,1847
2022-04-11,2551
2022-04-12,2478
2022-04-13,2220
2022-04-14,2056
2022-04-15,2171
2022-04-16,1926
2022-04-17,1787
2022-04-18,2733
2022-04-19,2644
2022-04-20,2530
2022-04-21,2409
2022-04-22,2571
2022-04-23,2186
2022-04-24,1996
2022-04-25,2776
2022-04-26,2802
2022-04-27,2629
2022-04-28,2461
2022-04-29,2283
2022-04-30,1858
2022-05-01,1530
2022-05-02,2189
2022-05-03,2100
2022-05-04,2507
2022-05-05,2741
2022-05-06,2712
2022-05-07,2042
2022-05-08,1905
2022-05-09,2998
2022-05-10,3720
2022-05-11,3104
2022-05-12,3214
2022-05-13,2603
2022-05-14,2100
2022-05-15,2037
2022-05-16,2607
2022-05-17,2622
2022-05-18,2848
2022-05-19,2992
2022-05-20,2525
2022-05-21,2021
2022-05-22,1894
2022-05-23,2496
2022-05-24,2611
2022-05-25,2416
2022-05-26,2246
2022-05-27,1967
2022-05-28,1599
2022-05-29,1704
2022-05-30,2069
2022-05-31,2159
2022-06-01,2151
2022-06-02,2019
2022-06-03,2107
2022-06-04,1586
2022-06-05,1651
2022-06-06,2017
2022-06-07,2149
2022-06-08,1975
2022-06-09,1891
2022-06-10,2004
2022-06-11,2161
2022-06-12,1545
2022-06-13,2836
2022-06-14,2804
2022-06-15,2443
2022-06-16,2740
2022-06-17,2097
2022-06-18,1833
2022-06-19,1804
2022-06-20,2342
2022-06-21,2466
2022-06-22,2384
2022-06-23,2155
2022-06-24,2045
2022-06-25,1753
2022-06-26,1664
2022-06-27,2098
2022-06-28,1999
2022-06-29,1968
2022-06-30,1880
2022-07-01,1806
2022-07-02,1581
2022-07-03,1504
2022-07-04,1809
2022-07-05,1993
2022-07-06,2047
2022-07-07,1980
2022-07-08,2020
2022-07-09,1506
2022-07-10,1548
2022-07-11,1825
2022-07-12,1857
2022-07-13,1739
2022-07-14,1907
2022-07-15,2010
2022-07-16,1699
2022-07-17,1607
2022-07-18,1953
2022-07-19,2144
2022-07-20,2097
2022-07-21,2098
2022-07-22,1824
2022-07-23,1634
2022-07-24,1579
2022-07-25,1924
2022-07-26,2122
2022-07-27,1914
2022-07-28,2076
2022-07-29,1849
2022-07-30,1677
2022-07-31,1715
2022-08-01,1996
2022-08-02,2126
2022-08-03,2197
2022-08-04,2026
2022-08-05,1897
2022-08-06,1816
2022-08-07,1830
2022-08-08,2104
2022-08-09,2203
2022-08-10,2033
2022-08-11,1720
2022-08-12,1773
2022-08-13,1709
2022-08-14,2325
2022-08-15,2319
2022-08-16,2432
2022-08-17,2441
2022-08-18,2320
2022-08-19,2201
2022-08-20,2149
2022-08-21,2108
2022-08-22,2482
2022-08-23,2485
2022-08-24,2428
2022-08-25,2564
2022-08-26,2339
2022-08-27,2140
2022-08-28,1819
2022-08-29,2255
2022-08-30,2245
2022-08-31,1948
2022-09-01,2372
2022-09-02,2115
2022-09-03,2005
2022-09-04,1882
2022-09-05,2266
2022-09-06,2268
2022-09-07,2363
2022-09-08,2322
2022-09-09,2042
2022-09-10,1884
2022-09-11,1950
2022-09-12,2592
2022-09-13,2878
2022-09-14,3124
2022-09-15,2883
2022-09-16,2911
2022-09-17,2676
2022-09-18,2367
2022-09-19,2931
2022-09-20,2974
2022-09-21,2913
2022-09-22,2811
2022-09-23,2646
2022-09-24,2266
2022-09-25,2312
2022-09-26,2751
2022-09-27,2831
2022-09-28,2553
2022-09-29,2654
2022-09-30,2471
2022-10-01,1968
2022-10-02,1965
2022-10-03,2265
2022-10-04,2182
2022-10-05,2305
2022-10-06,2395
2022-10-07,2305
2022-10-08,2084
2022-10-09,2078
2022-10-10,2494
2022-10-11,2725
2022-10-12,2419
2022-10-13,2521
2022-10-14,2388
2022-10-15,2067
2022-10-16,1987
2022-10-17,2518
2022-10-18,2458
2022-10-19,2296
2022-10-20,2191
2022-10-21,2160
2022-10-22,1531
2022-10-23,1566
2022-10-24,1799
2022-10-25,2132
2022-10-26,2437
2022-10-27,2298
2022-10-28,2499
2022-10-29,2129
2022-10-30,2036
2022-10-31,2798
2022-11-01,2689
2022-11-02,2790
2022-11-03,2677
2022-11-04,2434
2022-11-05,2128
2022-11-06,2185
2022-11-07,2768
2022-11-08,2939
2022-11-09,2732
2022-11-10,2802
2022-11-11,2650
2022-11-12,2223
2022-11-13,2124
2022-11-14,2820
2022-11-15,2845
2022-11-16,2648
2022-11-17,2681
2022-11-18,2537
2022-11-19,2027
2022-11-20,2000
2022-11-21,2497
2022-11-22,2467
2022-11-23,2339
2022-11-24,2430
2022-11-25,2323
2022-11-26,2357
2022-11-27,1843
2022-11-28,2583
2022-11-29,2505
2022-11-30,2635
2022-12-01,2816
2022-12-02,2250
2022-12-03,1972
2022-12-04,2078
2022-12-05,2449
2022-12-06,2475
2022-12-07,2348
2022-12-08,2210
2022-12-09,2150
2022-12-10,2008
2022-12-11,2020
2022-12-12,2353
2022-12-13,2332
2022-12-14,2515
2022-12-15,2380
2022-12-16,2219
2022-12-17,1743
2022-12-18,1647
2022-12-19,2032
2022-12-20,2206
2022-12-21,2357
2022-12-22,2013
2022-12-23,1863
2022-12-24,1523
2022-12-25,1525
2022-12-26,2103
2022-12-27,2133
2022-12-28,2047
2022-12-29,1850
2022-12-30,1888
2022-12-31,1507
2023-01-01,1493
2023-01-02,2222
2023-01-03,2333
2023-01-04,2513
2023-01-05,2582
2023-01-06,2569
2023-01-07,2299
2023-01-08,1948
2023-01-09,2554
2023-01-10,2713
2023-01-11,2453
2023-01-12,2384
2023-01-13,2137
2023-01-14,1858
2023-01-15,1718
2023-01-16,2175
2023-01-17,2280
2023-01-18,2625
2023-01-19,2608
2023-01-20,2365
2023-01-21,2035
2023-01-22,2146
2023-01-23,2640
2023-01-24,2656
2023-01-25,2422
2023-01-26,2189
2023-01-27,2605
2023-01-28,2293
2023-01-29,2126
2023-01-30,2855
2023-01-31,2808
2023-02-01,3038
2023-02-02,2969
2023-02-03,2962
2023-02-04,2414
2023-02-05,2157
2023-02-06,2660
2023-02-07,2647
2023-02-08,2477
2023-02-09,2415
2023-02-10,2261
2023-02-11,2059
2023-02-12,1866
2023-02-13,2322
2023-02-14,2263
2023-02-15,2259
2023-02-16,2302
2023-02-17,1895
2023-02-18,1331
2023-02-19,1580
2023-02-20,2164
2023-02-21,2089
2023-02-22,2146
2023-02-23,2096
2023-02-24,1870
2023-02-25,1624
2023-02-26,1774
2023-02-27,2237
2023-02-28,2053
2023-03-01,2035
2023-03-02,1979
2023-03-03,1749
2023-03-04,1648
2023-03-05,1667
2023-03-06,1895
2023-03-07,2054
2023-03-08,1853
2023-03-09,1893
2023-03-10,2199
2023-03-11,1791
2023-03-12,1703
2023-03-13,2618
2023-03-14,2557
2023-03-15,2503
2023-03-16,2286
2023-03-17,1993
2023-03-18,1559
2023-03-19,1498
2023-03-20,2122
2023-03-21,2085
2023-03-22,2089
2023-03-23,2253
2023-03-24,1838
2023-03-25,1571
2023-03-26,1384
2023-03-27,1880
2023-03-28,1931
2023-03-29,1797
2023-03-30,1983
2023-03-31,1682
2023-04-01,1436
2023-04-02,1504
2023-04-03,1724
2023-04-04,1829
2023-04-05,1633
2023-04-06,1588
2023-04-07,1656
2023-04-08,1277
2023-04-09,1144
2023-04-10,1581
2023-04-11,1564
2023-04-12,1708
2023-04-13,1669
2023-04-14,1532
2023-04-15,1260
2023-04-16,1112
2023-04-17,1546
2023-04-18,1620
2023-04-19,1714
2023-04-20,1732
2023-04-21,1603
2023-04-22,1444
2023-04-23,1272
2023-04-24,1754
2023-04-25,1890
2023-04-26,1704
2023-04-27,1779
2023-04-28,1547
2023-04-29,1373
2023-04-30,1372
2023-05-01,1945
2023-05-02,1901
2023-05-03,1961
2023-05-04,1885
2023-05-05,1794
2023-05-06,1442
2023-05-07,1346
2023-05-08,1830
2023-05-09,1699
2023-05-10,1596
2023-05-11,1649
2023-05-12,1590
2023-05-13,1313
2023-05-14,1304
2023-05-15,1791
2023-05-16,1908
2023-05-17,1751
2023-05-18,1754
2023-05-19,1671
2023-05-20,1463
2023-05-21,1397
2023-05-22,1565
2023-05-23,1672
2023-05-24,1767
2023-05-25,1809
2023-05-26,1689
2023-05-27,1470
2023-05-28,1296
2023-05-29,1648
2023-05-30,1661
2023-05-31,1234
2023-06-01,1304
2023-06-02,1290
2023-06-03,1069
2023-06-04,1005
2023-06-05,1287
2023-06-06,1394
2023-06-07,1639
2023-06-08,1532
2023-06-09,1836
2023-06-10,1716
2023-06-11,1635
2023-06-12,1980
2023-06-13,2198
2023-06-14,1921
2023-06-15,1896
2023-06-16,1869
2023-06-17,1674
2023-06-18,1486
2023-06-19,1993
2023-06-20,1911
2023-06-21,2129
2023-06-22,1909
2023-06-23,1724
2023-06-24,1619
2023-06-25,1419
2023-06-26,1844
2023-06-27,1785
2023-06-28,1748
2023-06-29,1716
2023-06-30,1712
2023-07-01,1562
2023-07-02,1414
2023-07-03,1865
2023-07-04,1826
2023-07-05,1872
2023-07-06,1862
2023-07-07,1832
2023-07-08,1638
2023-07-09,1392
2023-07-10,1870
2023-07-11,1960
2023-07-12,1930
2023-07-13,1818
2023-07-14,1740
2023-07-15,1468
2023-07-16,1363
2023-07-17,1904
2023-07-18,1960
2023-07-19,1948
2023-07-20,1984
2023-07-21,1965
2023-07-22,1550
2023-07-23,1597
2023-07-24,1926
2023-07-25,1837
2023-07-26,1854
2023-07-27,1856
2023-07-28,1993
2023-07-29,1581
2023-07-30,1478
2023-07-31,1674
2023-08-01,1686
2023-08-02,1790
2023-08-03,1892
2023-08-04,1615
2023-08-05,1350
2023-08-06,1413
2023-08-07,1713
2023-08-08,1741
2023-08-09,1687
2023-08-10,1773
2023-08-11,1431
2023-08-12,1375
2023-08-13,1464
2023-08-14,1754
2023-08-15,1698
2023-08-16,1645
2023-08-17,1730
2023-08-18,1706
2023-08-19,1371
2023-08-20,1304
2023-08-21,1709
2023-08-22,1914
2023-08-23,1746
2023-08-24,1789
2023-08-25,1630
2023-08-26,1410
2023-08-27,1500
2023-08-28,1724
2023-08-29,1712
2023-08-30,1697
2023-08-31,2061
2023-09-01,1941
2023-09-02,1835
2023-09-03,2175
2023-09-04,2259
2023-09-05,2177
2023-09-06,2255
2023-09-07,2198
2023-09-08,2025
2023-09-09,1974
2023-09-10,1757
2023-09-11,1994
2023-09-12,2073
2023-09-13,2156
2023-09-14,2197
2023-09-15,1930
2023-09-16,1900
2023-09-17,1734
2023-09-18,1796
2023-09-19,2035
2023-09-20,2109
2023-09-21,2196
2023-09-22,1902
2023-09-23,1829
2023-09-24,1774
2023-09-25,2080
2023-09-26,1965
2023-09-27,1785
2023-09-28,2100
2023-09-29,1902
2023-09-30,1717
2023-10-01,1706
2023-10-02,1972
2023-10-03,2187
2023-10-04,2324
2023-10-05,1869
2023-10-06,1713
2023-10-07,1342
2023-10-08,1383
2023-10-09,1510
2023-10-10,1716
2023-10-11,1775
2023-10-12,2462
2023-10-13,2565
2023-10-14,2068
2023-10-15,2125
2023-10-16,2784
2023-10-17,2613
2023-10-18,2590
2023-10-19,1679
2023-10-20,1589
2023-10-21,1352
2023-10-22,1393
2023-10-23,1451
2023-10-24,1447
2023-10-25,1774
2023-10-26,1673
2023-10-27,1595
2023-10-28,1533
2023-10-29,1344
2023-10-30,1707
2023-10-31,1646
2023-11-01,1707
2023-11-02,1756
2023-11-03,1500
2023-11-04,1351
2023-11-05,1390
2023-11-06,1752
2023-11-07,1730
2023-11-08,1733
2023-11-09,1527
2023-11-10,1568
2023-11-11,1387
2023-11-12,1338
2023-11-13,1701
2023-11-14,1923
2023-11-15,1859
2023-11-16,1761
2023-11-17,1643
2023-11-18,1416
2023-11-19,1322
2023-11-20,1810
2023-11-21,1682
2023-11-22,1787
2023-11-23,1756
2023-11-24,1626
2023-11-25,1501
2023-11-26,1388
2023-11-27,1809
2023-11-28,1916
2023-11-29,1927
2023-11-30,1910
2023-12-01,1743
2023-12-02,1523
2023-12-03,1484
2023-12-04,1839
2023-12-05,2060
2023-12-06,1975
2023-12-07,1910
2023-12-08,1829
2023-12-09,1620
2023-12-10,1687
2023-12-11,2563
2023-12-12,2030
2023-12-13,1966
2023-12-14,2172
2023-12-15,1918
2023-12-16,1612
2023-12-17,1541
2023-12-18,2077
2023-12-19,1783
2023-12-20,1974
2023-12-21,1824
2023-12-22,1549
2023-12-23,1404
2023-12-24,1291
2023-12-25,1389
2023-12-26,1665
2023-12-27,1810
2023-12-28,1780
2023-12-29,1678
2023-12-30,1669
2023-12-31,1340
2024-01-01,1654
2024-01-02,2143
2024-01-03,2008
2024-01-04,2051
2024-01-05,1975
2024-01-06,1748
2024-01-07,1693
2024-01-08,2029
2024-01-09,2111
2024-01-10,1977
2024-01-11,2094
2024-01-12,1830
2024-01-13,1662
2024-01-14,1601
2024-01-15,1971
2024-01-16,2210
2024-01-17,2348
2024-01-18,2027
2024-01-19,2115
2024-01-20,1800
2024-01-21,1822
2024-01-22,1838
2024-01-23,2506
2024-01-24,2115
2024-01-25,1954
2024-01-26,1682
2024-01-27,1695
2024-01-28,1652
2024-01-29,2118
2024-01-30,2199
2024-01-31,2285
2024-02-01,2287
2024-02-02,2134
2024-02-03,1773
2024-02-04,1662
2024-02-05,2201
2024-02-06,2288
2024-02-07,2033
2024-02-08,2102
2024-02-09,1928
2024-02-10,1680
2024-02-11,1487
2024-02-12,1820
2024-02-13,1979
2024-02-14,1792
2024-02-15,2056
2024-02-16,1875
2024-02-17,1723
2024-02-18,1621
2024-02-19,2077
2024-02-20,2069
2024-02-21,2005
2024-02-22,2028
2024-02-23,1854
2024-02-24,1890
2024-02-25,2034
2024-02-26,2269
2024-02-27,2223
2024-02-28,2179
2024-02-29,1994
2024-03-01,1859
2024-03-02,1715
2024-03-03,1664
2024-03-04,2160
2024-03-05,2127
2024-03-06,2064
2024-03-07,1928
2024-03-08,1673
2024-03-09,1651
2024-03-10,1585
2024-03-11,1902
2024-03-12,1845
2024-03-13,2071
2024-03-14,2049
2024-03-15,1984
2024-03-16,1510
2024-03-17,1537
2024-03-18,1774
2024-03-19,1626
2024-03-20,1749
2024-03-21,1731
2024-03-22,1565
2024-03-23,1404
2024-03-24,1181
2024-03-25,1379
2024-03-26,1631
2024-03-27,1534
2024-03-28,1665
2024-03-29,1514
2024-03-30,1461
2024-03-31,1341
2024-04-01,1850
2024-04-02,1893
2024-04-03,1789
2024-04-04,1505
2024-04-05,1490
2024-04-06,1128
2024-04-07,1102
2024-04-08,1233
2024-04-09,1280
2024-04-10,1196
2024-04-11,1203
2024-04-12,1205
2024-04-13,1025
2024-04-14,991
2024-04-15,1196
2024-04-16,1216
2024-04-17,1159
2024-04-18,1184
2024-04-19,1081
2024-04-20,938
2024-04-21,949
2024-04-22,1212
2024-04-23,1229
2024-04-24,1173
2024-04-25,1196
2024-04-26,1066
2024-04-27,1009
2024-04-28,947
2024-04-29,1227
2024-04-30,1193
2024-05-01,1155
2024-05-02,1088
2024-05-03,1113
2024-05-04,973
2024-05-05,915
2024-05-06,1135
2024-05-07,1148
2024-05-08,1095
2024-05-09,1181
2024-05-10,1010
2024-05-11,1005
2024-05-12,1035
2024-05-13,1407
2024-05-14,1277
2024-05-15,1253
2024-05-16,1132
2024-05-17,1108
2024-05-18,967
2024-05-19,962
2024-05-20,1167
2024-05-21,1301
2024-05-22,1300
2024-05-23,1235
2024-05-24,1157
2024-05-25,993
2024-05-26,1007
2024-05-27,1168
2024-05-28,1198
2024-05-29,1226
2024-05-30,1156
2024-05-31,1082
2024-06-01,1181
2024-06-02,1105
2024-06-03,1450
2024-06-04,1755
2024-06-05,1495
2024-06-06,1532
2024-06-07,1465
2024-06-08,1169
2024-06-09,991
2024-06-10,1260
2024-06-11,1221
2024-06-12,1260
2024-06-13,1208
2024-06-14,1214
2024-06-15,1041
2024-06-16,1037
2024-06-17,1218
2024-06-18,1361
2024-06-19,1295
2024-06-20,1320
2024-06-21,1253
2024-06-22,1055
2024-06-23,1060
2024-06-24,1194
2024-06-25,1147
2024-06-26,1069
2024-06-27,1102
2024-06-28,1056
2024-06-29,939
2024-06-30,870
2024-07-01,1089
2024-07-02,1100
2024-07-03,1097
2024-07-04,1202
2024-07-05,1185
2024-07-06,1026
2024-07-07,1111
2024-07-08,1348
2024-07-09,1278
2024-07-10,1189
2024-07-11,1166
2024-07-12,1087
2024-07-13,1019
2024-07-14,980
2024-07-15,1337
2024-07-16,1087
2024-07-17,1159
2024-07-18,1165
2024-07-19,1082
2024-07-20,927
2024-07-21,885
2024-07-22,1094
2024-07-23,1171
2024-07-24,1115
2024-07-25,1178
2024-07-26,1036
2024-07-27,877
2024-07-28,830
2024-07-29,1056
2024-07-30,1087
2024-07-31,1282
2024-08-01,1106
2024-08-02,1100
2024-08-03,990
2024-08-04,971
2024-08-05,2501
2024-08-06,2058
2024-08-07,1460
2024-08-08,1471
2024-08-09,1370
2024-08-10,1176
2024-08-11,1114
2024-08-12,1211
2024-08-13,1284
2024-08-14,1137
2024-08-15,933
2024-08-16,1050
2024-08-17,1042
2024-08-18,931
2024-08-19,929
2024-08-20,1060
2024-08-21,1077
2024-08-22,1160
2024-08-23,1042
2024-08-24,883
2024-08-25,854
2024-08-26,1005
2024-08-27,1085
2024-08-28,1111
2024-08-29,1110
2024-08-30,1066
2024-08-31,1013
2024-09-01,891
2024-09-02,1167
2024-09-03,1372
2024-09-04,1457
2024-09-05,1298
2024-09-06,1023
2024-09-07,812
2024-09-08,1007
2024-09-09,1154
2024-09-10,1103
2024-09-11,1136
2024-09-12,1296
2024-09-13,1090
2024-09-14,894
2024-09-15,917
2024-09-16,1172
2024-09-17,1260
2024-09-18,1392
2024-09-19,1223
2024-09-20,1266
2024-09-21,1042
2024-09-22,952
2024-09-23,1157
2024-09-24,1276
2024-09-25,1155
2024-09-26,1263
2024-09-27,1079
2024-09-28,1001
2024-09-29,1011
2024-09-30,1126
2024-10-01,1303
2024-10-02,1260
2024-10-03,1331
2024-10-04,1143
2024-10-05,1037
2024-10-06,972
2024-10-07,1266
2024-10-08,1178
2024-10-09,1172
2024-10-10,1125
2024-10-11,948
2024-10-12,933
2024-10-13,948
2024-10-14,1198
2024-10-15,1218
2024-10-16,1304
2024-10-17,1276
2024-10-18,1088
2024-10-19,959
2024-10-20,993
2024-10-21,1159
2024-10-22,1184
2024-10-23,1162
2024-10-24,1015
2024-10-25,1108
2024-10-26,915
2024-10-27,887
2024-10-28,1038
2024-10-29,966
2024-10-30,903
2024-10-31,853
2024-11-01,874
2024-11-02,885
2024-11-03,951
2024-11-04,1232
2024-11-05,1391
2024-11-06,1784
2024-11-07,1589
2024-11-08,1639
2024-11-09,1226
2024-11-10,1122
2024-11-11,1429
2024-11-12,1588
2024-11-13,1425
2024-11-14,1389
2024-11-15,1102
2024-11-16,1006
2024-11-17,1101
2024-11-18,1344
2024-11-19,1380
2024-11-20,1255
2024-11-21,1360
2024-11-22,1236
2024-11-23,1095
2024-11-24,1032
2024-11-25,1285
2024-11-26,1357
2024-11-27,1267
2024-11-28,1365
2024-11-29,1494
2024-11-30,1392
2024-12-01,1540
2024-12-02,1655
2024-12-03,2280
2024-12-04,2225
2024-12-05,1648
2024-12-06,1602
2024-12-07,1288
2024-12-08,1269
2024-12-09,1827
2024-12-10,1875
2024-12-11,1854
2024-12-12,1748
2024-12-13,1544
2024-12-14,1177
2024-12-15,1208
2024-12-16,1443
2024-12-17,1499
2024-12-18,1575
2024-12-19,1667
2024-12-20,1466
2024-12-21,1386
2024-12-22,1458
2024-12-23,1515
2024-12-24,1418
2024-12-25,1187
2024-12-26,1409
2024-12-27,1306
2024-12-28,1194
2024-12-29,1121
2024-12-30,1209
2024-12-31,1160
2025-01-01,1081
